{
  "year": 2024,
  "name": "British Grand Prix",
  "track": {
    "name": "British Grand Prix",
    "total_laps": 52,
    "pit_loss_time": 9.258217391304349,
    "pit_loss_std": 5.722664091187522,
    "fastest_lap": 88.293,
    "average_lap": 95.18487058823531
  },
  "tyre_params": {
    "1": {
      "compound": "SOFT",
      "compound_id": 1,
      "base_lap_time": 91.02765313109133,
      "deg_rate": 0.09303993189386246,
      "avg_stint_length": 11.285714285714286,
      "max_stint_length": "17",
      "sample_count": 158
    },
    "2": {
      "compound": "MEDIUM",
      "compound_id": 2,
      "base_lap_time": 91.0641777929984,
      "deg_rate": 0.20183922020374775,
      "avg_stint_length": 19.375,
      "max_stint_length": "26",
      "sample_count": 465
    },
    "3": {
      "compound": "HARD",
      "compound_id": 3,
      "base_lap_time": 89.81417427101209,
      "deg_rate": 0.16839862778729728,
      "avg_stint_length": 13.0,
      "max_stint_length": "17",
      "sample_count": 39
    }
  },
  "sc_events": [],
  "sc_probability": 0.0,
  "opponents": [
    {
      "driver_code": "VER",
      "driver_name": "Max Verstappen",
      "starting_compound": 2,
      "pit_laps": [27.0, 39.0],
      "pit_compounds": [2, 4, 3],
      "total_time": 4948.524,
      "finishing_position": 2,
      "num_pit_stops": 2,
      "lap_times": [
        96.711, 91.773, 92.2, 91.933, 91.778, 91.711, 91.935, 92.038, 91.883,
        91.661, 91.81, 91.894, 91.759, 91.7, 92.249, 92.504, 95.359, 96.172,
        102.485, 97.108, 93.488, 91.904, 92.143, 93.02, 96.063, 101.491,
        119.169, 101.176, 101.533, 102.098, 102.025, 102.538, 102.606, 102.447,
        103.029, 101.958, 98.869, 95.963, 118.311, 90.056, 89.604, 89.472,
        89.105, 89.372, 89.137, 89.543, 89.411, 88.952, 89.56, 89.286, 89.443,
        89.089
      ]
    },
    {
      "driver_code": "NOR",
      "driver_name": "Lando Norris",
      "starting_compound": 2,
      "pit_laps": [28.0, 40.0],
      "pit_compounds": [2, 4, 1],
      "total_time": 4954.606,
      "finishing_position": 3,
      "num_pit_stops": 2,
      "lap_times": [
        97.347, 92.188, 91.991, 91.976, 91.716, 91.896, 92.071, 92.018, 91.976,
        91.83, 91.748, 91.718, 91.472, 91.407, 90.946, 91.69, 94.304, 94.125,
        101.436, 97.704, 91.513, 90.86, 91.176, 91.629, 94.307, 101.515,
        104.806, 120.915, 100.266, 100.717, 101.313, 102.216, 102.607, 103.078,
        102.935, 102.34, 99.786, 97.999, 96.746, 114.84, 89.733, 90.006, 89.262,
        89.752, 89.635, 89.96, 89.838, 90.556, 90.515, 90.544, 90.769, 90.913
      ]
    },
    {
      "driver_code": "PIA",
      "driver_name": "Oscar Piastri",
      "starting_compound": 2,
      "pit_laps": [29.0, 39.0],
      "pit_compounds": [2, 4, 2],
      "total_time": 4959.488,
      "finishing_position": 4,
      "num_pit_stops": 2,
      "lap_times": [
        98.008, 92.361, 91.927, 91.919, 91.832, 92.062, 91.925, 91.994, 92.0,
        91.811, 91.855, 91.663, 91.896, 91.697, 91.514, 92.118, 93.988, 94.269,
        100.728, 97.348, 91.819, 91.169, 90.976, 91.392, 94.271, 100.622,
        109.747, 112.976, 121.184, 100.492, 102.161, 103.137, 103.325, 103.954,
        103.309, 102.52, 99.635, 97.106, 114.658, 89.913, 89.574, 89.581,
        89.286, 89.221, 89.222, 89.233, 89.049, 89.124, 89.283, 89.958, 88.748,
        89.928
      ]
    },
    {
      "driver_code": "RUS",
      "driver_name": "George Russell",
      "starting_compound": 2,
      "pit_laps": [28.0],
      "pit_compounds": [2, 4],
      "total_time": 3171.677,
      "finishing_position": 4,
      "num_pit_stops": 1,
      "lap_times": [
        95.211, 91.418, 91.298, 91.799, 91.628, 91.625, 91.663, 91.731, 91.621,
        91.639, 91.586, 91.619, 91.716, 91.478, 91.566, 91.626, 94.793, 96.365,
        104.151, 99.962, 92.753, 91.344, 91.497, 91.968, 94.781, 99.949,
        107.698, 124.342, 100.405, 101.237, 101.902, 103.085, 106.221
      ]
    },
    {
      "driver_code": "SAI",
      "driver_name": "Carlos Sainz",
      "starting_compound": 2,
      "pit_laps": [27.0, 40.0, 51.0],
      "pit_compounds": [2, 4, 3, 1],
      "total_time": 4994.377,
      "finishing_position": 5,
      "num_pit_stops": 3,
      "lap_times": [
        98.699, 92.359, 92.102, 92.045, 91.939, 91.9, 92.702, 92.372, 92.484,
        92.362, 92.123, 92.358, 92.251, 92.106, 91.916, 92.455, 94.228, 94.31,
        100.51, 96.538, 93.507, 92.157, 92.297, 92.734, 95.143, 102.481,
        121.664, 102.641, 102.447, 102.737, 103.007, 103.298, 103.201, 102.794,
        103.59, 102.748, 100.432, 98.37, 96.802, 116.753, 90.475, 89.872,
        89.872, 89.739, 89.589, 89.588, 89.553, 89.415, 89.439, 89.434, 112.546,
        88.293
      ]
    },
    {
      "driver_code": "HUL",
      "driver_name": "Nico Hulkenberg",
      "starting_compound": 2,
      "pit_laps": [27.0, 40.0],
      "pit_compounds": [2, 4, 1],
      "total_time": 5002.781,
      "finishing_position": 6,
      "num_pit_stops": 2,
      "lap_times": [
        100.166, 92.844, 92.605, 92.563, 92.768, 92.697, 92.733, 92.802, 92.396,
        92.439, 92.428, 92.401, 92.468, 92.621, 92.672, 93.194, 95.447, 95.834,
        105.752, 97.529, 92.649, 92.233, 92.612, 93.352, 95.918, 101.853,
        122.727, 101.897, 102.641, 102.811, 103.274, 104.134, 103.685, 104.263,
        104.042, 103.044, 100.657, 98.854, 97.245, 115.659, 91.097, 90.701,
        89.836, 90.392, 90.048, 90.185, 89.864, 90.365, 90.371, 90.47, 90.696,
        90.847
      ]
    },
    {
      "driver_code": "STR",
      "driver_name": "Lance Stroll",
      "starting_compound": 2,
      "pit_laps": [27.0, 40.0],
      "pit_compounds": [2, 4, 2],
      "total_time": 5003.628,
      "finishing_position": 7,
      "num_pit_stops": 2,
      "lap_times": [
        99.108, 92.683, 92.307, 92.968, 92.706, 92.788, 92.716, 92.648, 92.291,
        92.619, 92.273, 92.362, 93.092, 92.641, 92.649, 93.091, 95.713, 95.789,
        107.568, 97.491, 93.291, 92.495, 93.062, 94.585, 95.351, 100.784,
        121.611, 102.187, 102.992, 103.066, 103.714, 104.545, 104.213, 104.171,
        104.422, 103.0, 100.825, 99.373, 97.759, 116.032, 90.098, 90.161,
        90.196, 90.03, 90.025, 89.897, 89.925, 90.237, 89.969, 90.03, 90.026,
        90.053
      ]
    },
    {
      "driver_code": "ALO",
      "driver_name": "Fernando Alonso",
      "starting_compound": 2,
      "pit_laps": [28.0, 39.0],
      "pit_compounds": [2, 4, 2],
      "total_time": 5010.636,
      "finishing_position": 8,
      "num_pit_stops": 2,
      "lap_times": [
        100.474, 93.202, 92.951, 93.192, 92.617, 92.673, 92.712, 92.496, 92.579,
        92.741, 92.548, 92.427, 92.517, 92.383, 92.259, 92.59, 95.014, 95.88,
        107.27, 96.48, 92.999, 92.673, 92.593, 94.088, 95.687, 103.618, 108.513,
        124.427, 103.072, 102.577, 102.796, 103.69, 104.262, 104.375, 104.251,
        102.513, 100.747, 98.684, 119.234, 91.146, 90.594, 90.167, 90.098,
        89.93, 89.871, 89.753, 89.71, 90.114, 90.7, 90.727, 90.592, 91.43
      ]
    },
    {
      "driver_code": "ALB",
      "driver_name": "Alexander Albon",
      "starting_compound": 2,
      "pit_laps": [28.0, 39.0],
      "pit_compounds": [2, 4, 2],
      "total_time": 5015.446,
      "finishing_position": 9,
      "num_pit_stops": 2,
      "lap_times": [
        101.588, 93.158, 93.373, 93.059, 92.846, 93.014, 92.939, 92.798, 92.933,
        93.073, 92.981, 92.567, 92.769, 92.538, 92.265, 93.178, 94.873, 95.323,
        104.619, 96.53, 93.646, 93.086, 92.891, 93.96, 95.612, 103.771, 107.754,
        128.459, 101.726, 103.271, 103.229, 104.304, 104.82, 105.216, 105.202,
        103.075, 100.273, 97.843, 117.678, 90.889, 90.715, 90.458, 90.126,
        90.74, 90.406, 90.234, 90.148, 90.068, 89.96, 89.828, 89.916, 89.718
      ]
    },
    {
      "driver_code": "TSU",
      "driver_name": "Yuki Tsunoda",
      "starting_compound": 2,
      "pit_laps": [28.0, 39.0],
      "pit_compounds": [2, 4, 1],